component	input_file	output_file	script	metric	n_rows_or_loci	threshold	notes
Kp allele profile	Leca/source/profile/0427_1.profile	Leca/source/profile/0427_1.profile	UNRESOLVED	allele ID and presence=value>0	1000 genomes; 41312 loci	NA	[COMPUTED, HIGH] Primary frozen profile; upstream creator and special negative-code meanings are UNRESOLVED.
wg/cg similarity and weights	Leca/source/profile/0427_1.profile	Leca/results/profile_similarity/wg_cg_profile_0427_1/wg_cg_similarity_matrices.npz	Leca/code/profile_wg_cg_similarity.py	wg content Jaccard; wg/cg allele concordance	1000 genomes; 8651 wg loci; 3632 cg loci	wg prevalence>=0.01; cg prevalence>=0.95	[KNOWN, HIGH] Similarity matrices used for weights and SHC construction.
SpydrPick-style sample weights	Leca/results/profile_similarity/wg_cg_profile_0427_1/wg_cg_similarity_matrices.npz	Leca/results/profile_similarity/wg_cg_profile_0427_1/spydrpick_style_sample_weights.tsv	Leca/code/profile_wg_cg_similarity.py	wg_content_weight=1/neighbours	1000 genomes	similarity>=0.90	[COMPUTED, HIGH] Current MI and SHC tests use wg_content_weight; sum weights=101.232972.
LD-like source pair universe	Leca/source/profile/0427_1.profile; positions and tree UNRESOLVED	Leca/source/profile/0427_1.ldlike_pairs.tsv.gz	Leca/code/Cinch_v8.py	r2_adj; p_adj; distance fields	2609249 pairs; 3279 loci	min_joint_count and run arguments UNRESOLVED	[KNOWN, HIGH] Existing filtered pair universe; not all profile-locus combinations.
Weighted binary MI/NMI	Leca/source/profile/0427_1.profile; Leca/source/profile/0427_1.ldlike_pairs.tsv.gz; Leca/results/profile_similarity/wg_cg_profile_0427_1/spydrpick_style_sample_weights.tsv	Leca/results/gene_gene_wgmlst/spydrpick_locus_nmi/wgmlst_all_weighted_mi_nmi_pairs.tsv.gz	Leca/code/spydrpick_locus_wg_nmi.py	weighted_mi; weighted_nmi	2609249 pairs; 3279 loci	pseudocount=0.5; wg similarity threshold=0.90 upstream	[KNOWN, HIGH] Binary presence MI in nats and NMI=2MI/(Hx+Hy); mean_phylo_dist is omitted from this output.
Early distance elbows	Leca/source/profile/0427_1.ldlike_pairs.tsv.gz	Leca/results/distance_filter/secondary_filter_0427_1/elbow_thresholds.tsv	Leca/code/secondary_filter_ld_decay.py	r2_adj distance decay	1199402 significant pairs	order>=50.09; bp>=105585.9; phylo>=0.020894	[KNOWN, HIGH] p_adj<=0.05 and trend quantile=0.90; these are the old r2+phylo cutoffs.
Old order+phylo r2 edge set	Leca/source/profile/0427_1.ldlike_pairs.tsv.gz; Leca/results/distance_filter/secondary_filter_0427_1/elbow_thresholds.tsv	Leca/results/metadata_ordination/order_bp_phylo_compare_0427_1/order_phylo_filtered_edges.tsv.gz	Leca/code/compare_order_bp_phylo_pca_venn.py	r2_adj	756541 edges; 3274 loci	p_adj<=0.05; order>=50.09; phylo>=0.020894	[COMPUTED, HIGH] Accepted original order-filtered r2 PCA universe.
Old bp+phylo r2 edge set	Leca/source/profile/0427_1.ldlike_pairs.tsv.gz; Leca/results/distance_filter/secondary_filter_0427_1/elbow_thresholds.tsv	Leca/results/metadata_ordination/order_bp_phylo_compare_0427_1/bp_phylo_filtered_edges.tsv.gz	Leca/code/compare_order_bp_phylo_pca_venn.py	r2_adj	770117 edges; 3274 loci	p_adj<=0.05; bp>=105585.9; phylo>=0.020894	[COMPUTED, HIGH] Accepted original bp-filtered r2 PCA universe.
Original r2 profile PCA	Leca/results/metadata_ordination/order_bp_phylo_compare_0427_1/*_filtered_edges.tsv.gz	Leca/results/metadata_ordination/order_bp_phylo_compare_0427_1/*_pca_coords.tsv	Leca/code/compare_order_bp_phylo_pca_venn.py	gene-by-gene r2_adj profile PCA	3274 loci per panel	KMeans k=3 selected	[COMPUTED, HIGH] Order PC1+PC2=10.685%; BP PC1+PC2=10.962%.
MI profile PCA on old edge universes	old order/bp filtered edges; wgmlst_all_weighted_mi_nmi_pairs.tsv.gz	Leca/results/metadata_ordination/order_bp_phylo_compare_0427_1_mi_profile_pca/	Leca/code/plot_kp_filtered_mi_profile_pca.py	gene-by-gene weighted_mi profile PCA	order 756541 edges; bp 770117 edges; 3274 loci each	KMeans k=3 fixed	[KNOWN, HIGH] Directly comparable geometry to original r2 PCA because edge universes are held fixed.
Full MI matrix PCA attempt	Leca/results/gene_gene_wgmlst/spydrpick_locus_nmi/wgmlst_all_weighted_mi_nmi_pairs.tsv.gz	Leca/results/gene_gene_wgmlst/spydrpick_locus_nmi/mi_pca/	Leca/code/plot_kp_mi_pca.py	full weighted_mi adjacency PCA	3279 loci	NA	[KNOWN, HIGH] Not directly comparable to accepted old r2 PCA because the matrix universe differs.
MI order upper-tail candidates	wgmlst_all_weighted_mi_nmi_pairs.tsv.gz	Leca/results/gene_gene_wgmlst/spydrpick_locus_nmi/mi_nmi_distance_comparison/order_dist_mi_upper_tail_outliers_aracne.tsv	Leca/code/plot_wgmlst_mi_nmi_distance.py	weighted_mi	3941 candidate pairs	order>=102.85; MI>0.1479019902; upper quantile=0.995	[COMPUTED, HIGH] ARACNE labels 1568 direct and 2373 indirect before SHC correction.
MI bp upper-tail candidates	wgmlst_all_weighted_mi_nmi_pairs.tsv.gz	Leca/results/gene_gene_wgmlst/spydrpick_locus_nmi/mi_nmi_distance_comparison/bp_dist_mi_upper_tail_outliers_aracne.tsv	Leca/code/plot_wgmlst_mi_nmi_distance.py	weighted_mi	3793 candidate pairs	bp>=246474.5; MI>0.1639267674; upper quantile=0.995	[COMPUTED, HIGH] ARACNE labels 1316 direct and 2477 indirect before SHC correction.
HieCC-like SHC partition	wg_cg_similarity_matrices.npz	Leca/results/gene_gene_wgmlst/spydrpick_locus_nmi/hiercc_shc_correction/genome_shc_assignments.tsv	Leca/code/hiercc_shc_phylo_correct_mi.py	cg allele-concordance single-linkage HC	1000 genomes; 142 SHCs	HC426; stable block 129-430; partition NMI>=0.90; singleton fraction<=0.20	[COMPUTED, HIGH] Scheme size fixed to 3632 and selected silhouette approximately 0.698.
SHC-corrected order MI edges	order_dist_mi_upper_tail_outliers_aracne.tsv; profile; weights; SHC assignments	Leca/results/gene_gene_wgmlst/spydrpick_locus_nmi/hiercc_shc_correction/order_dist_shc_strict_direct_edges.tsv	Leca/code/hiercc_shc_phylo_correct_mi.py	within-SHC conditional weighted MI permutation	3941 candidates; 108 eligible; 16 strict direct	999 permutations; SHC size>=5; >=2 informative positive SHCs; BH q<0.05; z>0	[COMPUTED, HIGH] Current strict order baseline.
SHC-corrected bp MI edges	bp_dist_mi_upper_tail_outliers_aracne.tsv; profile; weights; SHC assignments	Leca/results/gene_gene_wgmlst/spydrpick_locus_nmi/hiercc_shc_correction/bp_dist_shc_strict_edges_aracne.tsv	Leca/code/hiercc_shc_phylo_correct_mi.py	within-SHC conditional weighted MI permutation	3793 candidates; 90 eligible; 28 passed; 25 direct	999 permutations; SHC size>=5; >=2 informative positive SHCs; BH q<0.05; z>0	[COMPUTED, HIGH] Current strict BP baseline; 3 passed edges are ARACNE-indirect.
strict12 visualisation	SHC strict direct edge tables; profile; tree; annotation	Leca/results/gene_gene_wgmlst/spydrpick_locus_nmi/hiercc_shc_correction/strict12_visualization/	Leca/code/plot_strict12_locus_results.py	conditional MI cluster heatmap and tree-presence heatmap	12 loci	strict SHC-passing union	[COMPUTED, HIGH] Selected visualization set; not an unbiased benchmark.
top20 order/BP visualisation	MI top20 direct-pair tables; profile; tree	Leca/results/gene_gene_wgmlst/spydrpick_locus_nmi/top20_phandango_presence/	Leca/code/plot_top20_mi_phandango.py	presence/absence tree-aligned heatmap	20 pairs each; 15 order loci; 20 BP loci	top 20 weighted MI after distance threshold and ARACNE	[COMPUTED, HIGH] Pre-SHC top20 visualization baseline.
