method_component	thesis_page	thesis_section_or_formula	github_file	github_function_or_variable	is_consistent	kp_implementation_decision	status	notes
binary encoding	34-35	2.3.1; eqs. 2-4, 2-5	R_EpiDis_matrix10.py	_transform_row; max_value	partial	Use presence=1 and absence=0; never majority-recode Kp gene content	KNOWN	Thesis distinguishes SNP major-state encoding from pangenome presence encoding; repository only implements per-row major-state encoding.
sample weight	35	2.3.2(1); eqs. 2-6, 2-7	NONE	NONE	no	Implement inverse count of samples with mean binary Hamming distance below tau, include self, then normalize to sum 1; compare separately with current Jaccard-0.90 weights	KNOWN	Repository has no sample weights. Current project profile_wg_cg_similarity.py::weights_from_similarity is related but uses similarity>=0.90 and no sum-one normalization at construction.
locus weight	36	2.3.2(3); eq. 2-11	NONE	NONE	no	Use alpha=d_p/(d_p+d_q), beta=1-alpha; do not substitute a balance penalty	KNOWN	The locus weight is the weighted prevalence of the conditioning states.
conditional distribution	35-36	2.3.2(2); eqs. 2-8 to 2-10	NONE	NONE	no	Compute weighted P(X_j|X_i=1) and P(X_j|X_i=0) with callable masks; mark zero-mass backgrounds undefined	KNOWN	No repository implementation.
mixture distribution	36	2.3.2(4); eq. 2-12	NONE	NONE	no	Use u=alpha*p+beta*q after an explicit decision on post-epsilon renormalization	KNOWN	No repository implementation; thesis does not state renormalization after adding epsilon.
divergence formula	33,36	2.2.3 eq. 2-3; 2.3.2 eqs. 2-13, 2-14	NONE	NONE	no	Implement base-2 weighted JSD and EpiDis=sqrt(JSD); preserve both directional scores during validation	KNOWN	The repository file bearing EpiDis in its name only performs encoding.
pseudocount / zero handling	34,36	2.3.1 missing imputation; eq. 2-10 epsilon=1e-27	NONE	NONE	no	Use epsilon=1e-27 for faithful replication; separately test renormalized and literal variants; use callable masks rather than treating missing as absence	UNRESOLVED	Imputation formula and zero conditioning-mass behavior are absent from thesis and code.
symmetry	33	2.2.3 mathematical properties	NONE	NONE	partial	Compute i-to-j and j-to-i on contingency-table test cases; collapse only after verifying numerical equality	UNRESOLVED	Exact normalized weighted JSD equals symmetric MI, but literal unnormalized epsilon addition may create a tiny directional discrepancy and no code resolves the convention.
value range	33,36	2.2.3 property 3; eqs. 2-13, 2-14	NONE	NONE	unresolved	Validate 0<=score<=1 under both epsilon interpretations and reject invalid values	UNRESOLVED	Range follows for normalized binary base-2 JSD; literal epsilon addition makes distributions sum slightly above one.
IQR threshold	37	2.3.3; eqs. 2-15, 2-16	NONE	NONE	no	Use all valid pair scores and T=Q3+k*1.5*IQR; faithful default k=2 gives Q3+3*IQR	KNOWN	Current weighted-MI workflow instead thresholds per-locus maximum non-LD NMI at Q3+1.5 IQR and Q3+3 IQR.
network construction	43-45	3.1.3; eq. 3-1	NONE	NONE	no	Build sparse weighted graph after thresholding; do not use SCC unless edge direction is defined	UNRESOLVED	Thesis specifies directed CopSCC/Tarjan but does not define orientation for a claimed symmetric score.
high-order extension	48-52	3.3; eqs. 3-2 to 3-8	NONE	NONE	no	Partition by declared background, recompute subgroup EpiDis and weights, calculate subgroup difference and subgroup-to-global deviation, then two-sided IQR	KNOWN	Repository has no Diff-GWES. Minimum subgroup size and monomorphism handling remain unresolved.
missing-value imputation	34	2.3.1	R_EpiDis_matrix10.py	_transform_row	no	Require explicit callable mask for Kp; do not infer absence from missing	UNRESOLVED	Thesis says frequency-weighted imputation without an algorithm; pandas value_counts ignores NaN for major-state selection and equality maps NaN to zero.
major-state tie handling	34	2.3.1	R_EpiDis_matrix10.py	value_counts().idxmax()	partial	For SNP replication, define deterministic tie policy and report tied loci; not applicable to Kp presence semantics	UNRESOLVED	Thesis does not define ties; repository inherits pandas ordering.
exact-pattern grouping	NONE	NONE	R_consis_snp.py	classify_snps_by_pattern; hashlib.md5	code_only	Do not include in faithful EpiDis score; optional preprocessing diagnostic only	KNOWN	Repository-only consistency-pattern grouping, absent from thesis EpiDis formulas.
approximate-pattern grouping	NONE	NONE	R_classify_snps_near_faiss.py	build_index; range_search; connected_components	code_only	Do not substitute Hamming-neighbor clusters for EpiDis or CopSCC	KNOWN	Repository-only Faiss workflow with allowed_diff and connected components.
sample-weight normalization	35	2.3.2(1); eq. 2-7	NONE	NONE	no	Normalize raw inverse-neighbor weights to sum one for EpiDis; report unnormalized sum as effective sample size separately	KNOWN	Current Kp MI uses unnormalized inverse-neighbor weights, which is valid for probability ratios but not literal thesis replication.
pairwise score direction	33,35-36	2.2.3 symmetry claim; eqs. 2-8 to 2-14	NONE	NONE	partial	Store epidis_i_to_j, epidis_j_to_i, and absolute difference during audit	UNRESOLVED	Theoretical identity follows through MI for normalized probabilities; epsilon implementation convention remains source-undefined.
MI relationship	36	2.3.2 eqs. 2-12 to 2-14	NONE	NONE	conceptual	Compare EpiDis^2 against base-2 weighted MI from the same contingency table	INFERRED	Weighted JSD of conditionals with marginal mixing weights is algebraically MI when distributions are valid and normalized.
NMI relationship	NONE	NONE	NONE	NONE	not_applicable	Retain current NMI=2MI/(H_i+H_j) only as comparator; do not label it EpiDis	KNOWN	Thesis EpiDis has no marginal-entropy normalization.
current weighted MI	NONE	NONE	Leca/code/spydrpick_locus_wg_nmi.py	binary_weighted_information	project_only	Run as comparator with identical input loci, sample weights, pair universe, and distance filters	KNOWN	Uses weighted 2x2 counts, Jeffreys 0.5 pseudocount, natural-log MI, and symmetric NMI.
current sample similarity	NONE	NONE	Leca/code/profile_wg_cg_similarity.py	weights_from_similarity; wg_content_weight	project_only	Keep Jaccard>=0.90 as existing comparator; add thesis Hamming-distance tau weights as separate column	KNOWN	Conceptually similar inverse-neighbor weighting but different metric and cutoff semantics.
current distance filter	NONE	NONE	Leca/code/spydrpick_locus_wg_nmi.py	find_elbow; mean_order_dist	project_only	Apply only after raw EpiDis reporting; label order and bp filters separately	KNOWN	Not part of thesis EpiDis formula.
current ARACNE pruning	NONE	NONE	Leca/code/spydrpick_locus_wg_nmi.py	aracne_prune	project_only	Optional post-threshold network comparator; never attribute to EpiDive_consis repository	KNOWN	Current project removes uniquely weakest triangle edges.
current SHC construction	NONE	NONE	Leca/code/hiercc_shc_phylo_correct_mi.py	build_hiercc	project_only	Keep as an external phylogenetic correction after raw EpiDis and distance filters	KNOWN	Uses cgMLST-like single linkage, partition-NMI stable blocks, singleton criterion, and silhouette selection.
current SHC permutation	NONE	NONE	Leca/code/hiercc_shc_phylo_correct_mi.py	conditional_mi; phylo_permutation; bh_adjust	project_only	Recompute with EpiDis only in a separately named experiment; preserve current conditional-MI result as baseline	KNOWN	Within-SHC label permutation, BH q<0.05, and positive z-score are current-project additions.
high-order IQR threshold	51	3.3.3; eqs. 3-6 to 3-8	NONE	NONE	no	Use two-sided Q3+k*1.5 IQR and Q1-k*1.5 IQR; faithful default k=3	KNOWN	This differs from pairwise default k=2.
multi-category background	50	3.3.1	NONE	NONE	no	One-hot-expand mutually exclusive background categories and retain global reference	KNOWN	Minimum category size is not specified.
subgroup weighting	50	3.3.1	NONE	NONE	no	Recompute neighbor weights within each subgroup and renormalize, but flag this as an implementation interpretation until author code exists	UNRESOLVED	Thesis says continue sample reweighting in each subset without enough detail to distinguish recomputation from inherited weights.
