sha256	path
9d4ac643b826da77cbe8b345f722153a11a16c66ddf8cc85033324065622c0d1	.github/workflows/ci.yml
cce545bc1bb1611fe813c39eba1d4ba1de1c7bba05c8d56730b9c975326f3e08	.github/workflows/pages.yml
9e39cef86cb0fd83f806cdbcd5c3f444c98b4bfd78980b74c9944e67a90e66ed	.gitignore
3ed731b65d06150c138e2dadb0be0697550888a6b47eb8c45ecc9adba8b8e9bd	.pytest_cache/.gitignore
37dc88ef9a0abeddbe81053a6dd8fdfb13afb613045ea1eb4a5c815a74a3bde4	.pytest_cache/CACHEDIR.TAG
73fd6fccdd802c419a6b2d983d6c3173b7da97558ac4b589edec2dfe443db9ad	.pytest_cache/README.md
44136fa355b3678a1146ad16f7e8649e94fb4fc21fe77e8310c060f61caaff8a	.pytest_cache/v/cache/lastfailed
bb9eb1e57e7c87e334e9449279c0407e85574b00f97bd96494c6bb630e6a25ad	.pytest_cache/v/cache/nodeids
eb855cc8c8352a6769fa8483b797a1e937621e424a9676828450e1e8dcfa166a	CINCH_DEV2_FREEZE.yaml
d3e87507ba9baf6c2cfd47316ae0f7e194815e65291b8429f114e808ade0eefa	CONTRIBUTING.md
cea6da1d16e47abbf9905d50a6ad87b7305408677cd7072b4a7895993d93c5f8	LICENSE_STATUS.md
f1cd4e63d13a3e8f595070d496da9557b10a751db627be21eb29ccd5985574da	README.md
86bfbe0604e7066e96deac64885b306991c29b6d1d043bf4afdeaf676fabfc98	docs/DATA_POLICY.md
7f25cb8a1721a3fcd0f0b27f752dadf8a5478a156877d8ef26d649c8d170ecf7	docs/DEVELOPMENT_HISTORY.md
3e597608a965bd7c7372adaddae42b54da002ee00492e5bdaffcf141e5b87e65	docs/FIGURE_INDEX.md
facb63146dcfa658b0097d9035c3632f26055f9323e6baa5c0a61863ef882793	docs/INPUTS.md
d1e25faa0141c415092e1ed48f7ec0d1b76fcda796859cd1b9bdbe82aa47b4bf	docs/OUTPUTS.md
1c64ea7b3dbd0b644a0ca215e3184fbe2baece7339d6b4faab3508d1366a5e10	docs/PERFORMANCE.md
31c730733da2fb1cddd223e6332b13895b1028b5c72d24cd6482e138d062aa6d	docs/RELEASE_CHECKLIST.md
21843de91007fb96c3a60ef2cfc30bb6bae0f8869213110184890cdd172e63f2	docs/SCIENTIFIC_NARRATIVE.md
28baface53179e51140814ab0a4789115baec0ee361eab9856c30d4483ffe991	docs/development/METAGENOME_AGENT_PROMPT.md
850c4cc53a75e1e779db09396548b75a1eded66693e64f594af73817a48302e1	docs/epidis-comparison.md
765f29014d4f7f76e4f8baf75c0bbe53736e41d713fdf846438e02a252a48f2c	docs/figures/FIG02_EPIDIS_VALIDATION.png
6647a52f49e32247734f35a03086ed44ea7e65bef07c4b4f1837eba823b41dbf	docs/figures/FIG02_EPIDIS_VALIDATION.svg
594da28551858882e5cf5a973b309ad656e8d0a64c241e396944dcd91d5d6b4a	docs/figures/FIG03_DIFF_GWES_VALIDATION.png
78fcb12d36692d0231db75991ab8073c467f2fa22da28646e2e1eec258448a06	docs/figures/FIG03_DIFF_GWES_VALIDATION.svg
c73e721410bbd14131bd8337c9b7ef08ce56befbea60f8acddc8c91471dc5852	docs/figures/results/SCI01_EPIDIS_OVERVIEW.png
366b85517539e590ae2fe452a5e1c003a082f9a0b95ff0f59fe8abd224cce2ce	docs/figures/results/SCI02_EPIDIS_VS_PREVIOUS_MI.png
aa3beae1f1ef86ff37bca6d85f29606ce7508b3552e354a48afb545e63ce4fff	docs/figures/results/SCI03_MI_NMI_DISTANCE_COMPARISON.png
48c6c74a1193cf74daae5925007e4e6217b3db14474be1e8088d4bcc25608100	docs/figures/results/SCI04_SHC_CORRECTION_DIAGNOSTICS.png
e3e0d670d8a26dd6204442cd5a127ef53651334af5b5ba03299a5509ba4a68fc	docs/figures/results/SCI05_ALLELE_DIVERSITY_PHYLO_MIXING.png
311ec078d57255da33437d6a76ff054a1bf4825e91bedeafdadd3f68c977e7b2	docs/figures/results/SCI06_DIFF_GWES_ATTRITION.png
3b94ba00d8cd17be1328bbe29b797dc6e1d48f166be1b1505ffb9db0200e2b02	docs/figures/results/SCI07_TRUE_SHC_COMMUNITY_NETWORK.png
b0f8623071181a0f11fdd70f85d66edfea1dc1a50603a2c9bed7fe65c456d43b	docs/figures/results/SCI08_PUBLIC_CINCH_DISTANCE_MEAN_CURVES.png
67d935fe577aee72b4df2af27ad1794a5644789248d94f682e853efe7e8b6f4b	docs/figures/results/SCI09_PUBLIC_CINCH_DISTANCE_DIAGNOSTICS.png
d02c4e3d8017443273c0a36256aec55a322e448989a2e9a19578d1d28077fb15	docs/historical-coverage.md
fd7ff252042d1edec81e868e7ebfbc852cc35b41b024b23bd3579a3565e5ac42	docs/methodology.md
f7f21cb65f787af95288f6331ec0dc9e2531f776c4a6fa6f05cd33162d921b24	docs/provenance/CINCH_SKILL.md
a213cee24f29a4d72e01c335511570b9a3e94e31ce76ce9815545c3b940e94a7	docs/provenance/legacy_workflow.json
58e38954276e02da2ff21d615d5b7a6780511c95c578af4c8e25e0ea80125471	docs/results-documentary.md
dc74c70c0f77f1da3d952975cb925456726d71b08c416b4801e764158e76cd3e	docs/source-audit/algorithm_spec.md
d723d4a64d67db3194295dcd9a632cf5ea7d6127f9a55e8cb89f80bfeaf0cfdb	docs/source-audit/existing_pipeline_inventory.tsv
244a5a0625ea6b0e80c1cbd670504d08606d7867bd77f3a58a32a3505f9075db	docs/source-audit/kp_universe_spec.md
452b61318652894e1b83a1a304a8efdb2f497b19e3737fc35e3ff1929444d8bc	docs/source-audit/source_crosswalk.tsv
b30d2f1a6e91febb2653e24ab2bc74d1e745de57e8d44a264ca3cd1022fc3fcb	docs/source-results/allele_diversity_phylo_mixing_README.md
7d39c3b3465381022905717edf0d2f8bab80f2d4e473f976c46da561f24d64c4	docs/source-results/epidis_correlations_with_mi.tsv
4d9e3df8b86b21ea1845376da81b7587ca8ce6a9d19bcf2b5b82ce9f825498fa	docs/source-results/epidis_implementation_notes.md
75198305a5ee6e820a80a908f738f2e81ee078ab274b57514d5df679ce498c7b	docs/source-results/epidis_run_provenance.json
e278a7da91185b53cef263de5c428e12e8ef9cd60d4ac6385b6073669b16866e	docs/source-results/epidis_summary.tsv
b577b841c88a2732fd78ee5692a9bea7aab84b51e433a4f32baa4d12d70042e0	docs/source-results/kp_cgmlst_nmi_phylo_filtered_summary.tsv
2b01c286906a16240d5cd7ca268f2cada6ef0652b2447d5f98109087ca950202	docs/source-results/kp_cgmlst_nmi_summary.tsv
bc7b8f8e7c03f3a17e931205e87c537f7613aa8c9b6d809b1039fc5ebdaaf0ee	docs/source-results/kp_gene_phylo_mixing_summary.tsv
632a6e18b766d2446b451baffb11babe202d3b0197e12059a6270716a791ba87	docs/source-results/shc_diff_gwes_method_spec.md
bb3f64f27fd5ac4836ac74a44f3961be15cf95814a916004fd01e831523a83d7	docs/source-results/shc_diff_gwes_validation_summary.json
35c3808a779412e30cc4ab9425b76f6ce920744ddc645852ad8a181bcfea9c50	docs/source-results/weighted_mi_v2_field_definitions.md
29d4362de13af722946783a8d75b243d4ade99e5438a6256b6baeb11cc771192	docs/source-results/weighted_mi_v2_validation_summary.json
20ad2e3c1e3b2fa02cedc15e895b08df99caf69782472bac1bc6541592a758b3	docs/usage.md
17be5a8cb3918cf7a74c7244320097215695e0babd4ff079c96b325d3cb10eee	pyproject.toml
adb10a43ff0d3e882a9358911594670c8a91ff163cdc78b08d9738d90367d7cc	scripts/generate_figures.py
fd0c7b56635f189b6922a6a59685fa8ef3bb797a033c38f9e49a1ca221410286	scripts/update_freeze_manifest.py
01ba4719c80b6fe911b091a7c05124b64eeece964e09c058ef8f9805daca546b	site/.nojekyll
765f29014d4f7f76e4f8baf75c0bbe53736e41d713fdf846438e02a252a48f2c	site/assets/FIG02_EPIDIS_VALIDATION.png
6647a52f49e32247734f35a03086ed44ea7e65bef07c4b4f1837eba823b41dbf	site/assets/FIG02_EPIDIS_VALIDATION.svg
594da28551858882e5cf5a973b309ad656e8d0a64c241e396944dcd91d5d6b4a	site/assets/FIG03_DIFF_GWES_VALIDATION.png
78fcb12d36692d0231db75991ab8073c467f2fa22da28646e2e1eec258448a06	site/assets/FIG03_DIFF_GWES_VALIDATION.svg
c73e721410bbd14131bd8337c9b7ef08ce56befbea60f8acddc8c91471dc5852	site/assets/results/SCI01_EPIDIS_OVERVIEW.png
366b85517539e590ae2fe452a5e1c003a082f9a0b95ff0f59fe8abd224cce2ce	site/assets/results/SCI02_EPIDIS_VS_PREVIOUS_MI.png
aa3beae1f1ef86ff37bca6d85f29606ce7508b3552e354a48afb545e63ce4fff	site/assets/results/SCI03_MI_NMI_DISTANCE_COMPARISON.png
48c6c74a1193cf74daae5925007e4e6217b3db14474be1e8088d4bcc25608100	site/assets/results/SCI04_SHC_CORRECTION_DIAGNOSTICS.png
e3e0d670d8a26dd6204442cd5a127ef53651334af5b5ba03299a5509ba4a68fc	site/assets/results/SCI05_ALLELE_DIVERSITY_PHYLO_MIXING.png
311ec078d57255da33437d6a76ff054a1bf4825e91bedeafdadd3f68c977e7b2	site/assets/results/SCI06_DIFF_GWES_ATTRITION.png
3b94ba00d8cd17be1328bbe29b797dc6e1d48f166be1b1505ffb9db0200e2b02	site/assets/results/SCI07_TRUE_SHC_COMMUNITY_NETWORK.png
b0f8623071181a0f11fdd70f85d66edfea1dc1a50603a2c9bed7fe65c456d43b	site/assets/results/SCI08_PUBLIC_CINCH_DISTANCE_MEAN_CURVES.png
67d935fe577aee72b4df2af27ad1794a5644789248d94f682e853efe7e8b6f4b	site/assets/results/SCI09_PUBLIC_CINCH_DISTANCE_DIAGNOSTICS.png
2bf6a809cac3e67f2abe9d1a3a9a798d25df869e44dec125addea642b8a811f9	site/index.html
1114a76679ae97896e3bb3bd3d42284daec39a7b4818ea40a2d57ca775a5ee29	site/style.css
54dab20818e46ab23c1e744b7e01b9ef5bc21ec2738c79d496e6aaedae1a308f	src/cinch_dev2/__init__.py
1822254803ba31291c5a50c09c8bfceaf058f8ec82d5cf1d1e9c0548a95e87ec	src/cinch_dev2/cli.py
988d646d80438fdad1ea07176d3f66421808bd1fd7487399a09907e66b2ed388	src/cinch_dev2/core/__init__.py
ac862dcb44c79b980c7d9ffea4bcdfc2f49dd66daf2a92dfa2d147f5b2f49d9a	src/cinch_dev2/core/statistics.py
f761db573f5a405f26a0ba9091dec0a05b406967b383e4cf54f472942b536dba	src/cinch_dev2/scripts/__init__.py
9fa57abcda8bb0eb5dd86ea98119c5a5d851237dd3fa2d3e783035730eabd842	src/cinch_dev2/scripts/cinch_pipeline.py
9ae19323e665de20350e14cfb24572c9dd13ecf52d58a37d3e85c601c79304b8	src/cinch_dev2/scripts/snapshots/Cinch_v8.py
8a44a570864361054fb1154e364de1deeab5483ac98a62c5e9237c072f373e85	src/cinch_dev2/scripts/snapshots/__init__.py
cb49be02f1ec6ebf62c87b2f2ae46ccffa3ac6cd71ea19d4c31493756ba1dcf1	src/cinch_dev2/scripts/snapshots/add_metadata_rda_arrows.py
fa00f8be39a1b7fade9c6040ee78940d5ef678c426684da2e1dc0715ff109041	src/cinch_dev2/scripts/snapshots/allele_diversity_phylo_mixing/allele_diversity_phylo_mixing.py
4460245688024ea5e74fc748c93b7ccc04b95d8e0d50db075761a45d5bb3a3b3	src/cinch_dev2/scripts/snapshots/allele_diversity_phylo_mixing/model_turnover_baseline.py
4afeced83611bca304559d1f24e5c3e0af9330d081552ab1d1c3a5651fbb5536	src/cinch_dev2/scripts/snapshots/allele_diversity_phylo_mixing/plot_hgt_colored_turnover.py
96bf6b0a3ae507802d150b3636e43a428f66f1e7d4123af4309e4197ea11bc3e	src/cinch_dev2/scripts/snapshots/allele_diversity_phylo_mixing/run_top_species_complex.py
a348834e5ec302a992b3b920d87759d8c64425ae7f4e2df4b319f7c860222738	src/cinch_dev2/scripts/snapshots/cgmlst_allelic_scan.py
88298423f8474ff84c88374663e69b54076e7a3aaa40b2e49701a5dc34c57411	src/cinch_dev2/scripts/snapshots/cgmlst_gene_gene_nmi_distance.py
93e279c062623b3ef51d9d0b438faf567937d7168eb235318bfa42f6db69971c	src/cinch_dev2/scripts/snapshots/cluster3_annotation_and_tree_heatmap.py
0a7962b1cb23896830ddcf38934f096309c9585ef9d0ba834f612c059bb6bb4f	src/cinch_dev2/scripts/snapshots/compare_order_bp_phylo_pca_venn.py
445f94ab7fe118069acbb74f9263efb8b60d33cd7d868f2f2e1b23a325f37f30	src/cinch_dev2/scripts/snapshots/epidis_pairwise_kp.py
541ef07195ed99938a78973976a475c0406e8e04b1761cd33dff2d2c4bcf060b	src/cinch_dev2/scripts/snapshots/gene_phylo_mixing_metrics.py
143e4bcf960f3630356b3e2ab184dd6fcfb878d6c30e1386b3a906619c73e27d	src/cinch_dev2/scripts/snapshots/hiercc_shc_phylo_correct_mi.py
e344fc2cbde4c916ac9ddc193d76209b090594b5d18cdebb075c36f0e7bfc049	src/cinch_dev2/scripts/snapshots/nmds_and_constrained_rda.py
1472e17b917aa9c6ab5470b9eca305b29c7311acf1a915816fa9c67b8ad32b42	src/cinch_dev2/scripts/snapshots/pcoa_and_gene_metadata_assoc.py
952bdb2e2a5cb5250d6b90fca4f36175373d79174d6fcc96dca1b6f96402df3f	src/cinch_dev2/scripts/snapshots/plot_epidis_pairwise_kp.py
12daf87a74b185d78d4fbd3a06014889089b21cf88ed7eae30a1db1726699998	src/cinch_dev2/scripts/snapshots/plot_r2_significant_pca_umap.py
93a5deb769991ef631d4026562bb0a0ab24ae44f41be43ad8e011feab8aab7f9	src/cinch_dev2/scripts/snapshots/plot_wgmlst_mi_nmi_distance.py
18d2e0461beb3d1401a365f6544b5ca205c2aa59a3e93eb993930f4f03ffe906	src/cinch_dev2/scripts/snapshots/profile_population_pca.py
64043016c41d4e6130dbe8a87ad06b8b4874ba67bf87074d11dfee5bd16ea30c	src/cinch_dev2/scripts/snapshots/profile_wg_cg_similarity.py
a4bb45c20d2d83d901aacde5cf9d7eefd0f3cb3365db4ca018de27658a6b71f1	src/cinch_dev2/scripts/snapshots/qq_plots_ldlike.py
475051b378ca520bfe5757f0e2b711a6f923c775d6d830e1704e5318673a8438	src/cinch_dev2/scripts/snapshots/secondary_filter_ld_decay.py
1fa8ef3b1d134a02ade45c0b7edc37f61bdca0210a28cd5118cb54ef34a0e01c	src/cinch_dev2/scripts/snapshots/selected_cluster_geography_association.py
32bf90659399979e0c6dc9f33538203c99bc6c35cd39a91c0f6081080cffb81b	src/cinch_dev2/scripts/snapshots/shc_diff_gwes/inject_toy_epistasis.py
1cd2afa60a5be7b1fb54c5894932c3c55bf524bbccd294ef0c7f185a616f9031	src/cinch_dev2/scripts/snapshots/shc_diff_gwes/plot_diff_gwes.py
3edbd8dc80f98687cddd4d3f7439d13e25adc1b89a9e0cde9f736ab5e364043f	src/cinch_dev2/scripts/snapshots/shc_diff_gwes/plot_pairwise_order_mi_shc.py
8df10ba50166571a798d94a16a132150ee3adf5117b4f1266812569e8ad9d63d	src/cinch_dev2/scripts/snapshots/shc_diff_gwes/plot_phandango_presence.py
8245cd847689ea6a1fc9da3567a7f410620b38f111e6409185b5546e68952633	src/cinch_dev2/scripts/snapshots/shc_diff_gwes/plot_true_communities.py
538f5b5924bb3afe355b200ad15c814140d4c4bfa0a7c29021bb858aa7fa236f	src/cinch_dev2/scripts/snapshots/shc_diff_gwes/prepare_inputs.py
a65a218623fac1ee50e0aea6e1c4b79cbbdea1a9935a7f6493b7c3d9ce854377	src/cinch_dev2/scripts/snapshots/shc_diff_gwes/run_diff_gwes.py
bdf3ef76779ced3afa88246d6adbd7897338c0940ec09797421883c8d77a5479	src/cinch_dev2/scripts/snapshots/sign_specific_phylo_filter_check.py
ea7fa5295631d26faf8269f438ca2c8dc4221e40c3adcfd4a74aec48fd1676fd	src/cinch_dev2/scripts/snapshots/spydrpick_locus_wg_nmi.py
43c99c0466c525ec3eb32c1fd2f67ebc78529eb486fb95929f48f4784260740b	src/cinch_dev2/scripts/snapshots/weighted_mi_v2.py
7860058f79e0ea5302461ea65a5a94ea3d52f7d7dc8e61b0555d94a3fd0d22cb	src/cinch_dev2/workflow.json
31a1c9179372abddff26cf630d8e3e2dd397f28c3c0328668091c30867d67805	src/cinch_dev2/workflow.py
87e08a0f86c89903d718f4ff15e4c8e8bc1e0c6bbc4029595d091eb249394de3	src/cinch_dev2.egg-info/PKG-INFO
056e3b6553489b669bcc7dd993e7c0b0a8eabdb21e46fde03e8a61eddfabad45	src/cinch_dev2.egg-info/SOURCES.txt
01ba4719c80b6fe911b091a7c05124b64eeece964e09c058ef8f9805daca546b	src/cinch_dev2.egg-info/dependency_links.txt
423fca255eee45a7cb7d9dbf16d67b8f39e25610de4795df6abe5ea8fb28d2ee	src/cinch_dev2.egg-info/entry_points.txt
d8d162265aeb1436b6d71b86be52bac9c46d2126b53babb9a4b9678cdc00ef89	src/cinch_dev2.egg-info/requires.txt
60d8698fa5a294bb2dc41973c453b2d668a33c5068a181517f98e5dc3f18aaa6	src/cinch_dev2.egg-info/top_level.txt
bc37cd6a2ca9484715a0039de1b001cb8e1cbc5d0eaf0bf655dfd154346d38c9	tests/test_statistics.py
f24a176c376841deea841ca8a9e7030d848f2f248dbe4225247acca58fd15419	tests/test_workflow.py
